{
    "ショット": {
        "attackEndTime": 0,
        "attackStartTime": 4,
        "damage": 8,
        "finisherGaugeIncreaseAmount": 2.0,
        "guardGaugeIncreaseAmount": 6.0,
        "hitStop": 0.0,
        "hitRecoveryTime": 0,
        "leftCollisionMax": {
            "x": 0.30000001192092896,
            "y": 1.0,
            "z": 0.30000001192092896
        },
        "leftCollisionMin": {
            "x": -0.30000001192092896,
            "y": 0.0,
            "z": -0.30000001192092896
        },
        "preInputEnd": 0,
        "preInputStart": 0,
        "recoveryTime": 40,
        "rightCollisionMax": {
            "x": 0.30000001192092896,
            "y": 1.0,
            "z": 0.30000001192092896
        },
        "rightCollisionMin": {
            "x": -0.30000001192092896,
            "y": 0.0,
            "z": -0.30000001192092896
        }
    },
    "タックル": {
        "attackEndTime": 50,
        "attackStartTime": 25,
        "damage": 14,
        "finisherGaugeIncreaseAmount": 4.0,
        "guardGaugeIncreaseAmount": 8.0,
        "hitStop": 0.11999999731779099,
        "hitRecoveryTime": 0,
        "leftCollisionMax": {
            "x": 0.10000000149011612,
            "y": 1.0,
            "z": 0.30000001192092896
        },
        "leftCollisionMin": {
            "x": -0.6000000238418579,
            "y": 0.0,
            "z": -0.30000001192092896
        },
        "preInputEnd": 0,
        "preInputStart": 0,
        "recoveryTime": 100,
        "rightCollisionMax": {
            "x": 0.6000000238418579,
            "y": 1.0,
            "z": 0.30000001192092896
        },
        "rightCollisionMin": {
            "x": -0.10000000149011612,
            "y": 0.0,
            "z": -0.30000001192092896
        }
    },
    "中攻撃(ターゲット)": {
        "attackEndTime": 25,
        "attackStartTime": 0,
        "damage": 5,
        "finisherGaugeIncreaseAmount": 2.0,
        "guardGaugeIncreaseAmount": 2.0,
        "hitStop": 10.0,
        "hitRecoveryTime": 0,
        "leftCollisionMax": {
            "x": 0.0,
            "y": 1.0,
            "z": 0.30000001192092896
        },
        "leftCollisionMin": {
            "x": -0.5,
            "y": 0.0,
            "z": -0.30000001192092896
        },
        "preInputEnd": 0,
        "preInputStart": 0,
        "recoveryTime": 30,
        "rightCollisionMax": {
            "x": 0.5,
            "y": 1.0,
            "z": 0.30000001192092896
        },
        "rightCollisionMin": {
            "x": 0.0,
            "y": 0.0,
            "z": -0.30000001192092896
        }
    },
    "弱攻撃": {
        "attackEndTime": 18,
        "attackStartTime": 5,
        "damage": 2,
        "finisherGaugeIncreaseAmount": 1.0,
        "guardGaugeIncreaseAmount": 4.0,
        "hitStop": 0.009999999776482582,
        "hitRecoveryTime": 0,
        "leftCollisionMax": {
            "x": 0.0,
            "y": 1.0,
            "z": 0.30000001192092896
        },
        "leftCollisionMin": {
            "x": -0.5,
            "y": 0.0,
            "z": -0.30000001192092896
        },
        "preInputEnd": 0,
        "preInputStart": 0,
        "recoveryTime": 25,
        "rightCollisionMax": {
            "x": 0.5,
            "y": 1.0,
            "z": 0.30000001192092896
        },
        "rightCollisionMin": {
            "x": 0.0,
            "y": 0.0,
            "z": -0.30000001192092896
        }
    },
    "強攻撃": {
        "attackEndTime": 25,
        "attackStartTime": 5,
        "damage": 8,
        "finisherGaugeIncreaseAmount": 3.0,
        "guardGaugeIncreaseAmount": 2.0,
        "hitStop": 0.0,
        "hitRecoveryTime": 0,
        "leftCollisionMax": {
            "x": 0.0,
            "y": 1.0,
            "z": 0.30000001192092896
        },
        "leftCollisionMin": {
            "x": -0.6000000238418579,
            "y": 0.0,
            "z": -0.30000001192092896
        },
        "preInputEnd": 0,
        "preInputStart": 0,
        "recoveryTime": 40,
        "rightCollisionMax": {
            "x": 0.6000000238418579,
            "y": 1.0,
            "z": 0.30000001192092896
        },
        "rightCollisionMin": {
            "x": 0.0,
            "y": 0.0,
            "z": -0.30000001192092896
        }
    }
}
